lrec2022/,1AcJZV2wZLBSre7J28e_gJdZwM0Tz-SmU
falling-rain-boardgame/,1-IXkIPCflemp8GAA1j5xtE9rm3UaGHT1
namwa/,1_7B9TJlyzZKLrYQ0GfktbodNrWXCkX5Y
psycho-pass/,1HasNVaHSK0UTDcQJq1ENEFqBjskURbAx
konnec-6/,1rlJJDGBuYUJfLwIKrnKJiKN70v4Pmfpw
its-me/,12e-2TH-Y02HbVy6M8puGf4McVoYXzOXY
pk/,12OJGOlvTmuc6KjI2RiqezW663XrkADGE
math-detective-camp/,1i4n_k5d3JGjhYysRN3Z8Kncv0CLSgV_i
tedxbangkok/,1SDaHcF7SFLbVKVunSUiySydk8TlI_J74
great-wall/,1__3hDx61u-1jButQp9vh9oLBOosTZHPw
love-simon/,12y2p0flL9P9u3pu-Jre0V1_a9vYSM7PJ
laperm/,1HmEUoZmi6WqFitFAGoAcBO_eOtTeWee6
lipe/,1FtdrG3JZfFnnS2TcUEYgnKJnT7XIpjhE
pexels/,1qBuFIzRcXSMj15nVwuE00dSY3pCEf1g1
birdman/,1niV6O7KL2iQGzpMGYUl5zf8ikyu7kAj7
vananava/,1Hgmc30NkfKo7Wbk_6aufwRs04LIXz3AJ
thi-lo-su/,1anvCLwszflgTSespDZXCKnzjyzs87R1_
khokret/,1f7RkKRlvGNFer9zgsFzQRrBFZcLvpprS
kimi-no-na-wa+/,1-WfgECdMsT5h4EVuXXofPLL9jcs7reEm
senior-junior/,11qb3h7Ab1v1P7RvU0lV1onuDIo8C43jX
hector-the-search-for-happiness/,1byEUTm4oyG8ew6VvSD0R5vWwKkeoCOq6
converse-pythagoras-theorem/,16upZ4fBYd_nB-GmDtLE_Yr39uAD1PEic
webfact/,1I2jX_fS07GgnXKuOpM8sPs7OHyqdedkH
opendata/,1IMuGpUX7GR1r7TtPDYQlvj9MaqvbtR-V
what-do-you-believe/,1f0P8E8XFUjdOlgjKhHDXd-7nP8jl3dzm
cat-coat-pattern/,164PG5xxFsNdC-Kr3v5j_95xb0qs3dNi_
real-time-game/,174RuEEDhlnxQRs48pqK8MMAqAnqCwUyH
digitalocean/,1Se0m3i1TbJg2eGLZFYVAknCB5ZLM9UFc
cat-breeds/,1nIsoK8HW-7gdY9J6Qd4MJdvBULIxIGUx
cake-cutting-problem/,139YV8wAo25phE7t642W6ZbJjfO0Dckzt
professor-weltons-boxing-cats/,1mJGxuZkBht0lEZKeH20t3LOVZNQIjAsf
psychology/,1yHg26W1OXTqCfksY-Miihf0ypUsWMmMV
finding-calico/,1lgeVVaIi7Owql2ydZvoLaL4p9rJBJGhG
angular/,1AB70tB01DuyOf0fv4LIhZmoX8D2nZmVN
redefining-kg/,1kHtJ4ZCazpIJSEgE3XYmZCN2EQh2-fU4
pdo/,1Sy1mS9nxvWtFahV3ilQfcnly5fS-62Xm
year-in-review-2016/,1BGC5ioZM-v3Sf6kU3zqnlqztlDcdfo0O
cataholic/,1IzTP5LQN-zPiaK-6zzmhqK7UfP6_9cUR
kedi/,14v8bMiDe5uCMQv_dShUqMsVnweDJ2OMH
year-in-review-2018/,17ckBXU5HZlCysExT7tD4e-Wn_6YUE3E6
stuffed-omelet/,1KBxWxkUy_JmLTIbvgSh_4Pk6kOwqr157
year-in-review-2020/,1EjtKhxNUYQdiQ4xCJiPpPNrFzM2ysX30
year-in-review-2021/,183dkoMr4wIwdPM9Pf5Lt8bGru3BmIS0V
year-in-review-2017/,1Ul15GMn7p9VthnWWY3pikF2sFokt3cbJ
programming-with-nothing/,1YyDHuG328LBSJJeSR07nCb3U0G4CzEGD
year-in-review-2019/,1PIWwP-ha9a1MEx3Ky7H6cqzPvt87jOEq
ayutthaya/,1FxekMy6cwCQHzyeGSdXkdRtMEhVs6sNH
set-env-for-web-developer/,1fK4n-nQq93aBGBlpYp9AMUkoAd8LipBD
tedxkasetsartu/,1CVpyjIW71KtpXqS9G_fDfJxhc4MGNkR8
age-of-ultron-vs-bicentennial-man/,1OU2VUfKwBLFpafFRTJmhVHliE_nY99gd
object-instance-class/,1j4UO7t2zCeB8sCxJTQioq2IFu68mGwzy
cat-is-liquid/,1ezLPJmKDnebmowaYjOgwD15mj6gciX2R
true-colors/,1H3u28nmVD0u9sfxUlupqVGZD45qYn_zU
verilog/,1qUJPopLM3J35lGgiT71eE-L5EqbwVhJ2
13-reasons-why/,1JLLb1ma2JFUunKt2zd8AuWeyTlCoSWlW
doi-luang-chiang-dao/,1GDYPExuew9BjBv3wNK5PV67Q8pdyUsW9
yearofthecat/,1yJ9yoe3mYmI56PuyEIvsYJaMuIFmT1kO
phulomlo/,1hdssL6zQqIRTyzPrDiRh4jTgrKpGSvfJ
cat-related/,1g3G8CHxY2fxu6wVR_-wGvU5-6yz6sICW
portfolio/,1lO8lUO5WaBaIhQhV-9DFYWLzJIM47xgP
math-related/,1tUyhaMJondp-r5rCQ82H80-qIB7-FsIu
secret-hitler/,1lwXEBQkDNvkigs1g9vjRQ40SqlnD9eP_
your-gong-s-name/,1yk8JxAEOrI2QElKbizpYmVS4uHQUPQDg
mel-robbins/,1JvZAHdUBYWZ6o13apmXkNbxcFWTLyULD
open-campus-at-NAIST/,1V9Yi__Cos6miIsQ5wY2uMlUapHZga1ko
mongo/,1ZQyYvY0L6W2SNcks8qUm5MJMyeuAVPsa
howtobeme/,1aAy3RtsM2rV381UB3cHD1fcueFLrpdQ4
sart-thai-and-veggie-festival/,1jnuX3BWO3GcFh0X7tZ9BCriObDcvVyiR
khao-chang-phueak/,1UiRtO_If-UuSzWI80G_7sxyAVU61u9hS
roar/,1wQkqYvVgMeO30pv82lfjwoYGJ-NqSzjI
webbot/,1Mvp2FU05rQbbGSqmq66wzESt9Tp5vJhh
dab/,1-P9iHPBZLyUBSY06gyZgv1w7zfwESpno
olympus-tg-4/,1ekVfbl5m8WmaxqFjv96O6y69g1Ttteb4
1-to-N-mongodb/,1M6Jlpha6qRdGJEji2-QLOZLTJZsnuzxx
grand-canyon-chiang-mai/,1rc6oJH7oElVM_smN2I6ydg-yzl1FWKxw
arrival/,1xCI4mQJpaE7pJD-7_mEx3ItZsURISW87
year-in-review-2015/,1-28wsL5qd9mBtOR4_6VdPdCvemOrSXuc
year-in-review-2014/,1UBdGShsQIGy-eKMhsgS30UaVZNLL0wM2
you-are-the-apple-of-my-eyes/,1cIo-TY9mq9vW7gG76jY3zRG8r1HIno0s
completeness-consistency-decidability/,1tRMqzK-iSsRkBnDVH_y_3XzSwGSTxnAq
artbox/,1aTNk2ittY8F6LlNnhQRFiGtLfGgRYxKM
carcassonne/,1DONavO0J_n9GWxmZWgkM0_PoN_3fd0u8
howtobeme/my-birthday/,1rGCdZHawrLT3fF0xYSt-_rmrWgfqtYBY
math-related/three-ancient-greece-problems/,12nrvlEYTsW17JC5xBlSFFF3E8NH-RJtE
cat-related/russian-blue/,17fHDFu5T6AYgRdVuyTLuR0qeR1J2hKR-
cat-related/larry/,1PznKc3SnrqHe7QgXF_BbCJMCD8Gf1kN3
cat-related/tito/,1kiMG_7hFdjHJazx1LU0l6TwQsv8rcobK
year-in-review-2023/,12uoSAPoCsCRJRVMWf45q1PXCtalHerUJ